"","Year","N","R2","RMSE","MAE","r","Slope","Intercept"
"line.2015",2015,3115,0.864588669698296,5.15192848154628,3.47765302646549,0.930161112087048,0.842450044704428,3.62647590969358
"line.2016",2016,3315,0.81642627823523,6.12640518116642,3.61683690589761,0.903936341044626,0.793756849444387,4.50759046312923
"line.2017",2017,2936,0.851531940721066,5.45060000726203,3.35570382550832,0.924520256719518,0.802468125081129,4.24563376790951
"line.2018",2018,3560,0.749945623830087,8.88082311151127,4.06993752223452,0.869458509259504,0.68854020883689,6.46274701031604
"line.2019",2019,5790,0.713358266477059,7.47514165055067,3.56706769744551,0.845869213931684,0.676488587325569,6.41751685431877
"line.2020",2020,6023,0.77321188919328,5.31672407348415,3.33471210785362,0.881187166893918,0.826823920998019,2.9123378285958
"line.2021",2021,4941,0.515343578745728,9.62488644362568,3.11643211910036,0.717905343216937,0.519938387853186,7.83744263978344
"line.total",2015,29680,0.744466279033987,7.17187536082306,3.48047882835662,0.863168756909287,0.72402263181729,5.37445379401922
