"","Year","N","R2","RMSE","r","Slope","Intercept"
"line.2015",2015,3115,0.864588669698296,0.00515192848154628,0.930161112087048,0.842450044704427,0.00362647590969367
"line.2016",2016,3315,0.81642627823523,0.00612640518116642,0.903936341044626,0.793756849444387,0.00450759046312923
"line.2017",2017,2936,0.851531940721066,0.00545060000726203,0.924520256719518,0.802468125081132,0.00424563376790948
"line.2018",2018,3560,0.749945623830087,0.00888082311151127,0.869458509259504,0.688540208836889,0.00646274701031612
"line.2019",2019,5790,0.713358266477059,0.00747514165055067,0.845869213931684,0.676488587325573,0.00641751685431877
"line.2020",2020,6023,0.77321188919328,0.00531672407348415,0.881187166893918,0.826823920998019,0.00291233782859586
"line.2021",2021,4941,0.515343578745728,0.00962488644362568,0.717905343216937,0.519938387853184,0.00783744263978352
