"","Year","N","R2","RMSE","r","Slope","Intercept"
"line.2015",2015,3115,0.865718256547946,0.0512965886776674,0.93066760535373,0.847230359607383,0.0351373870708354
"line.2016",2016,3315,0.819035437315497,0.0608184627961669,0.905285960119079,0.799335328613529,0.0438081396893388
"line.2017",2017,2936,0.856609851365853,0.0535580738678051,0.927108731227792,0.809481689208224,0.0408866853756395
"line.2018",2018,3560,0.756789658433453,0.0875721494480338,0.873349142090205,0.695377259959624,0.0631569148579519
"line.2019",2019,5790,0.732699789921495,0.0721752708826666,0.857505375915954,0.691513877934263,0.0611208923152358
"line.2020",2020,6023,0.764030999831491,0.0542250191008977,0.877228980488866,0.834475194298075,0.0277806127461562
"line.2021",2021,2500,0.848383405360446,0.0440430673804577,0.921146933515668,0.8589335163724,0.0262944824408105
